【合租】霍营 紫金新干线 3室主卧,紫金新干线,2490,http://bj.58.com/pinpaigongyu/26993455769933x.shtml
【整租】来广营 马泉营三区 1室1厅,马泉营三区,2700,http://bj.58.com/pinpaigongyu/26993590301505x.shtml
【合租】花乡 德鑫家园 3室主卧,德鑫家园,2150,http://bj.58.com/pinpaigongyu/26663332252093x.shtml
【合租】丰台 德鑫家园 3室主卧,德鑫家园,2190,http://bj.58.com/pinpaigongyu/26575960973624x.shtml
【整租】新发地 新发地小区 1室1厅,新发地小区,2800,http://bj.58.com/pinpaigongyu/26994010682829x.shtml
【整租】西红门 乐乎公寓 1室1厅,【整租】西红门,3600,http://bj.58.com/pinpaigongyu/26894204361267x.shtml
【整租】霍营 ZOME己美公寓 1室1厅,【整租】霍营,2880,http://bj.58.com/pinpaigongyu/26883482799416x.shtml
【整租】亦庄 蜂客公寓 1室0厅,【整租】亦庄,3000,http://bj.58.com/pinpaigongyu/26963341915840x.shtml
【整租】亦庄 魔方公寓 1室1厅,【整租】亦庄,3100,http://bj.58.com/pinpaigongyu/26832132164675x.shtml
【合租】管庄 远洋一方润园2号 3室主卧,远洋一方润园2号,2180,http://bj.58.com/pinpaigongyu/27004556631867x.shtml
【整租】亦庄 蜂客公寓 1室0厅,【整租】亦庄,3000,http://bj.58.com/pinpaigongyu/26875767716413x.shtml
【整租】西红门 星光影视园区 1室0厅,星光影视园区,3600,http://bj.58.com/pinpaigongyu/26807493125039x.shtml
【整租】西红门 乐乎公寓 1室1厅,【整租】西红门,2499,http://bj.58.com/pinpaigongyu/26751307168964x.shtml
【整租】亦庄 蜂客公寓 1室0厅,【整租】亦庄,3000,http://bj.58.com/pinpaigongyu/26848666691510x.shtml
【整租】立水桥 乐乎城市青年公寓 1室1厅,【整租】立水桥,3100,http://bj.58.com/pinpaigongyu/26808336764879x.shtml
【整租】亦庄 蜂客公寓 1室1厅,【整租】亦庄,2880,http://bj.58.com/pinpaigongyu/26908237455924x.shtml
【整租】高米店 乐乎城市青年社区 1室1厅,【整租】高米店,3500,http://bj.58.com/pinpaigongyu/26894074937279x.shtml
【整租】亦庄 蜂客公寓 1室0厅,【整租】亦庄,2880,http://bj.58.com/pinpaigongyu/26882215798984x.shtml
【整租】西北旺 大牛坊 1室1厅,大牛坊,2800,http://bj.58.com/pinpaigongyu/26915217297328x.shtml
【合租】丰台 德鑫家园 3室主卧,德鑫家园,2150,http://bj.58.com/pinpaigongyu/26586554456504x.shtml
【整租】昌平县城 水屯家园 3室1厅,水屯家园,3000,http://bj.58.com/pinpaigongyu/26905395745088x.shtml
【合租】天通苑 天通苑东一区 3室主卧,天通苑东一区,2990,http://bj.58.com/pinpaigongyu/26940001066687x.shtml
【整租】高米店 乐乎公寓 1室1厅,【整租】高米店,3600,http://bj.58.com/pinpaigongyu/26872164902975x.shtml
【整租】亦庄 蜂客公寓 1室1厅,【整租】亦庄,3880,http://bj.58.com/pinpaigongyu/26819031478325x.shtml
【合租】垡头 翠城馨园 3室主卧,翠城馨园,2290,http://bj.58.com/pinpaigongyu/26930522959790x.shtml
【整租】亦庄 蜂客公寓 1室1厅,【整租】亦庄,3580,http://bj.58.com/pinpaigongyu/26864610842411x.shtml
【整租】通州北苑 乐乎公寓 1室1厅,【整租】通州北苑,2400,http://bj.58.com/pinpaigongyu/26543453932353x.shtml
【整租】立水桥 乐乎公寓 1室1厅,【整租】立水桥,2950,http://bj.58.com/pinpaigongyu/26892818679616x.shtml
【合租】通州北苑 新华联锦园 3室主卧,新华联锦园,2500,http://bj.58.com/pinpaigongyu/26904535965625x.shtml
【整租】亦庄 蜂客公寓 1室0厅,【整租】亦庄,3000,http://bj.58.com/pinpaigongyu/26992994069063x.shtml
【整租】亦庄 峰客公寓 1室0厅,【整租】亦庄,3000,http://bj.58.com/pinpaigongyu/26984155267910x.shtml
【合租】朝阳 管庄新村D区 4室次卧,管庄新村D区,2090,http://bj.58.com/pinpaigongyu/26575574148782x.shtml
【整租】亦庄 蜂客公寓 1室0厅,【整租】亦庄,3580,http://bj.58.com/pinpaigongyu/26796538780476x.shtml
【整租】西红门 乐乎城市青年社区 1室1厅,【整租】西红门,2650,http://bj.58.com/pinpaigongyu/27004927044794x.shtml
【合租】方庄 方庄南路18号院 3室次卧,方庄南路18号院,2880,http://bj.58.com/pinpaigongyu/26639320141104x.shtml
【整租】高米店 乐乎城市青年社区 1室1厅,【整租】高米店,3600,http://bj.58.com/pinpaigongyu/26893375686585x.shtml
【整租】大兴周边 保利春天派 1室1厅,保利春天派,2700,http://bj.58.com/pinpaigongyu/26672454740917x.shtml
【整租】立水桥 乐乎城市青年社区 1室0厅,【整租】立水桥,3100,http://bj.58.com/pinpaigongyu/26808445759042x.shtml
【整租】通州北苑 乐乎公寓 1室1厅,【整租】通州北苑,2300,http://bj.58.com/pinpaigongyu/26996507943992x.shtml
【合租】天通苑 天通苑东一区 5室次卧,天通苑东一区,2190,http://bj.58.com/pinpaigongyu/26882611885875x.shtml
【合租】天通苑 天通苑东一区 5室次卧,天通苑东一区,2190,http://bj.58.com/pinpaigongyu/26882611885875x.shtml
【整租】管庄 瑞祥里 1室1厅,瑞祥里,4000,http://bj.58.com/pinpaigongyu/26763673907789x.shtml
【整租】亦庄 蜂客公寓 1室0厅,【整租】亦庄,2880,http://bj.58.com/pinpaigongyu/26831222263741x.shtml
【整租】大兴周边 保利春天派 1室1厅,保利春天派,2500,http://bj.58.com/pinpaigongyu/26982578582719x.shtml
【合租】太阳宫 半岛国际公寓 4室主卧,【合租】太阳宫,3290,http://bj.58.com/pinpaigongyu/26839071333697x.shtml
【整租】西红门 乐乎城市青年社区 1室1厅,【整租】西红门,2500,http://bj.58.com/pinpaigongyu/26851351329850x.shtml
【合租】花乡 德鑫家园 3室主卧,德鑫家园,2290,http://bj.58.com/pinpaigongyu/26883803618886x.shtml
【整租】亦庄 蜂客公寓 1室1厅,【整租】亦庄,3580,http://bj.58.com/pinpaigongyu/26984201541931x.shtml
【整租】亦庄 蜂客公寓 1室0厅,【整租】亦庄,3580,http://bj.58.com/pinpaigongyu/26827153169596x.shtml
【整租】亦庄 蜂客公寓 1室0厅,【整租】亦庄,3000,http://bj.58.com/pinpaigongyu/26993443341894x.shtml
【整租】亦庄 蜂客公寓 1室0厅,【整租】亦庄,3000,http://bj.58.com/pinpaigongyu/26852984793526x.shtml
【合租】土桥 高丽园 2室主卧,高丽园,2000,http://bj.58.com/pinpaigongyu/26905828299455x.shtml
【整租】西红门 乐乎公寓 1室1厅,【整租】西红门,3500,http://bj.58.com/pinpaigongyu/26861263676482x.shtml
【整租】亦庄 蜂客公寓 1室0厅,【整租】亦庄,3000,http://bj.58.com/pinpaigongyu/26971485126841x.shtml
【整租】亦庄 乐乎公寓万源街店 1室1厅,【整租】亦庄,3100,http://bj.58.com/pinpaigongyu/26929694659518x.shtml
【整租】西红门 乐乎城市青年社区 1室1厅,【整租】西红门,3500,http://bj.58.com/pinpaigongyu/26760174572344x.shtml
【整租】黄村 I立方 1室1厅,I立方,2500,http://bj.58.com/pinpaigongyu/26619221873355x.shtml
【整租】西红门 乐乎城市青年社区 1室1厅,【整租】西红门,2500,http://bj.58.com/pinpaigongyu/26753061289007x.shtml
【整租】来广营 马泉营三区 1室1厅,马泉营三区,2600,http://bj.58.com/pinpaigongyu/26988277940029x.shtml
【整租】通州北苑 乐乎公寓 1室1厅,【整租】通州北苑,2300,http://bj.58.com/pinpaigongyu/26574421930823x.shtml
【整租】西红门 大兴核心区 1室1厅,大兴核心区,2500,http://bj.58.com/pinpaigongyu/26860665673387x.shtml
【整租】九棵树 乐乎城市青年社区 1室1厅,【整租】九棵树,2300,http://bj.58.com/pinpaigongyu/26994233284918x.shtml
【整租】西红门 乐乎公寓 1室1厅,【整租】西红门,3500,http://bj.58.com/pinpaigongyu/26863819146048x.shtml
【整租】亦庄 蜂客公寓 1室0厅,【整租】亦庄,3000,http://bj.58.com/pinpaigongyu/26992742507823x.shtml
【整租】西红门 乐乎公寓 1室1厅,【整租】西红门,3500,http://bj.58.com/pinpaigongyu/26863577084604x.shtml
【整租】立水桥 乐乎城市青年社区 1室0厅,【整租】立水桥,3150,http://bj.58.com/pinpaigongyu/26808475791273x.shtml
【整租】通州北苑 乐乎城市青年社区 1室1厅,【整租】通州北苑,2300,http://bj.58.com/pinpaigongyu/26627491511752x.shtml
【整租】通州北苑 乐乎公寓 1室1厅,【整租】通州北苑,2300,http://bj.58.com/pinpaigongyu/26926220112440x.shtml
【整租】西红门 高米店乐乎城市青 1室1厅,高米店乐乎城市青,3500,http://bj.58.com/pinpaigongyu/26851588845746x.shtml
【合租】天通苑 天通苑北三区 3室次卧,天通苑北三区,3090,http://bj.58.com/pinpaigongyu/26917641964204x.shtml
【合租】垡头 金蝉北里 3室次卧,金蝉北里,2490,http://bj.58.com/pinpaigongyu/26465819864493x.shtml
【整租】西红门 乐乎城市青年社区 1室1厅,【整租】西红门,2500,http://bj.58.com/pinpaigongyu/26849050128847x.shtml
【整租】亦庄 蜂客公寓 1室0厅,【整租】亦庄,3380,http://bj.58.com/pinpaigongyu/26819671890991x.shtml
【合租】天通苑 天通苑东一区 5室次卧,天通苑东一区,2090,http://bj.58.com/pinpaigongyu/26739751961418x.shtml
【整租】西红门 乐乎城市青年社区 1室1厅,【整租】西红门,2500,http://bj.58.com/pinpaigongyu/26804526502068x.shtml
【合租】朝阳 金隅汇星苑 3室次卧,金隅汇星苑,2790,http://bj.58.com/pinpaigongyu/26539921432520x.shtml
【整租】黄村 双河北里 2室1厅,双河北里,3800,http://bj.58.com/pinpaigongyu/26970903995593x.shtml
【整租】西红门 乐乎城市青年社区 1室1厅,【整租】西红门,2500,http://bj.58.com/pinpaigongyu/26843133022015x.shtml
【合租】天通苑 天通苑东二区 4室主卧,天通苑东二区,2690,http://bj.58.com/pinpaigongyu/26465801971261x.shtml
【整租】亦庄 蜂客公寓 1室1厅,【整租】亦庄,3580,http://bj.58.com/pinpaigongyu/26919435054121x.shtml
【整租】高米店 乐乎青年社区 1室1厅,【整租】高米店,2500,http://bj.58.com/pinpaigongyu/26771866252849x.shtml
【整租】来广营 乐乎公寓 1室1厅,【整租】来广营,3400,http://bj.58.com/pinpaigongyu/26959249106244x.shtml
【整租】大兴周边 保利春天派 1室1厅,保利春天派,2700,http://bj.58.com/pinpaigongyu/26775158700601x.shtml
【合租】天通苑 天通苑北二区 3室次卧,天通苑北二区,2390,http://bj.58.com/pinpaigongyu/26863854473163x.shtml
【合租】成寿寺 中海城圣朝菲 6室次卧,中海城圣朝菲,2890,http://bj.58.com/pinpaigongyu/26730942222003x.shtml
【整租】立水桥 乐乎城市青年社区 1室1厅,【整租】立水桥,3150,http://bj.58.com/pinpaigongyu/26809058335812x.shtml
【整租】亦庄 兴盛国际 1室1厅,兴盛国际,3610,http://bj.58.com/pinpaigongyu/26808310155178x.shtml
【整租】西门 乐乎公寓 1室1厅,【整租】西门,2500,http://bj.58.com/pinpaigongyu/26993267899462x.shtml
【整租】亦庄 蜂客公寓 1室0厅,【整租】亦庄,3000,http://bj.58.com/pinpaigongyu/26828859926058x.shtml
【整租】大兴周边 保利春天派 1室1厅,保利春天派,2600,http://bj.58.com/pinpaigongyu/26993184834493x.shtml
【整租】亦庄 蜂客公寓 1室0厅,【整租】亦庄,3000,http://bj.58.com/pinpaigongyu/26848725819717x.shtml
【整租】西红门 乐乎城市青年社区 1室1厅,【整租】西红门,3500,http://bj.58.com/pinpaigongyu/26892814798249x.shtml
【整租】劲松 劲松六区 1室1厅,劲松六区,3800,http://bj.58.com/pinpaigongyu/26996041987150x.shtml
【整租】惠新西街 乐乎城市青年社区 1室1厅,【整租】惠新西街,3000,http://bj.58.com/pinpaigongyu/26894759070281x.shtml
【合租】花乡 德鑫家园 3室主卧,德鑫家园,2290,http://bj.58.com/pinpaigongyu/27005595157323x.shtml
【合租】天通苑 天通苑东二区 5室次卧,天通苑东二区,2250,http://bj.58.com/pinpaigongyu/26739911230403x.shtml
【整租】西红门 乐乎城市青年社区 1室1厅,【整租】西红门,2500,http://bj.58.com/pinpaigongyu/26774124448952x.shtml
【合租】花乡 德鑫家园 3室主卧,德鑫家园,2290,http://bj.58.com/pinpaigongyu/26995417629369x.shtml
【合租】双井 百环家园 4室次卧,百环家园,3120,http://bj.58.com/pinpaigongyu/26940608280748x.shtml
【合租】朝青板块